question,gold,raw,em,f1,contain
Америкалық Инк тайпаларының елінің аты кім?,Перу,Индия.,0,0.0,0
1867-1868 ж.ж. реформа бойынша Қазақстанда қандай облыстар құрылды?,Орал және Торғай|||Ақмола және Семей,"Ақмола, Семей, Жетісу, Орал, Торғай.",0,0.5,0
Ал қызыл раушандар мен Ақ раушандар соғысы болған жылдар:,1455-1485,1455-1487 жылдар.,0,0.0,0
“Маршалл жоспары” – бұл қалай аталады?,Батыс Еуропа мемлекеттеріне Екінші дүниежүзілік соғысынан кейін АҚШ тарапынан экономикалық жәрдем жүргізу бағдарламасы,Көмек көрсету жоспары.,0,0.0,0
«Мен - қазақпын» поэмасының авторын кім?,Жұбан Молдағалиевтің,Мұқағали Мақатаев.,0,0.0,0
Жапырақ жүйкелеріне мықтылық қасиет беретін қай ұлпа?,тірек ұлпасы,Склеренхима.,0,0.0,0
Сперматогенез нәтижесіндегі хромосомалар қандай жиынтығы?,гаплоидты,Гаплоидты.,1,1.0,1
Махамбеттің жас кезінде Орынбор қаласында кімнің қасында болған?,Зұлқарнайынның,Исатайдың.,0,0.0,0
Құрылысы мен шығу тегі бір-біріне сәйкес келетін дене мүшелері қалай аталады?,гомологиялық,Гомологты мүшелер.,0,0.0,0
1931 жылы Алматыда қай жоғарғы оқу орны ашылған?,Қазақ медициналық институты,ҚазМУ.,0,0.0,0
Антропологтардың анықтауынша Есік обасындағы жерленген адамның жас шамасы қанша?,17—18,25-30 жас.,0,0.0,0
Дінмұхамед Ахметұлы Қонаев Қазақстанды қай жылдары басқарды?,1955-1960,1960-1991 жылдары.,0,0.0,0
1838 жылы мамырда Кенесары сарбаздары не істеді?,"Ақмола бекінісін қоршап, өртеуден",Сарбаздар көтеріліс жасады.,0,0.0,0
Гитлердің КСРО-ға әскери шабуыл жасау туралы жоспары қалай аталды?,Барбаросса,Барбаросса жоспары.,0,0.6667,1
Қазақстан территориясында орналасқан Алтайдың қай бөлігінде орналасқан?,Оңтүстік-батыстағы,Шығыс Қазақстан.,0,0.0,0
Алқа тұқымдас өсімдіктің жемісі:,түйнек|||қауашақ,Жауап: Жидек.,0,0.0,0
Тас дәуірін (палеолит) қай кезең қамтиды?,Б. з. б. 2 млн 500 жылдан 45-35 мың жылға дейін,"2,5 миллион жыл - 10 мың жыл.",0,0.1176,0
Азимутты қандай құрал анықтайды?,компас,Компас.,1,1.0,1
Қызғылт күрең топырақтың құнарлы жерлерi неге жарамды?,егін шаруашылығы,Егіншілікке.,0,0.0,0
Бекіре балығы қай көлде мекендейді?,Каспий,Каспий теңізі.,0,0.6667,1
Республикамыздағы ЖЭС-тар беретін электроэнергия қанша пайыз?,80-90%-ды,30%,0,0.0,0
Түрік тайпаларында руды айқындайтын жазба белгі:,алфавиттік,Тамға.,0,0.0,0
Қозы Көрпеш - Баян сұлу жырындағы Қозының әкесінің атын белгілеңіз.,Сарыбай,Қодар.,0,0.0,0
Қай жылы Аягөз маңындағы қазақ жасақтар жоңғарлардан жеңіліске ұшыраған?,1718,1723 жылы.,0,0.0,0
Ядро мембранасының (жарғақшасының) барлық қуысын толтырып тұратын зат:,ядро шырыны,Цитоплазма.,0,0.0,0
Орынбор генерал-губернаторлығының құрамына қандай облыстар кірді?,Торғай,"Орынбор, Ақмола, Семей, Торғай, Жетісу.",0,0.3333,1
Денсаулық сақтау шарттары және аурудың алдын алу шаралары туралы ғылым:,гигиенасының,Медицина.,0,0.0,0
Гермафродит дегеніміз не?,"аталық та, аналық та жыныс",Екі жынысты организм.,0,0.0,0
Жыл бойы республика аумағынан өтетін қандай ауа массалары?,арктикалық|||қоңыржай|||тропиктік,Суық және жылы ауа массалары.,0,0.0,0
Алматының шығысында қандай белгілі сақ обасы бар?,Есік,Есік обасы.,0,0.6667,1
Органикалық заттардың бейорганикалық заттардан неден түзіледі?,фотосинтезінде,Көміртектен.,0,0.0,0
Ахмет Байтұрсыновтың өлеңдер қалай аталады?,“Маса”,"""Қырық мысал""",0,0.0,0
"Колумб, Магеллан кемелері саяхатқа қай елдер аттанған?",Испанния,Испания.,0,0.0,0
Эволюциялық ілімнің алғаш негізін қалаушы кім боп саналады?,Ж.Б.Ламарк,Чарльз Дарвин.,0,0.0,0
Жақаяқтары бар қандай ұлу?,Сегізаяқтар,Жақаяқ ұлу.,0,0.0,0
Бұлшықет жұмысына қажетті энергияның қай процестен босап шығады?, органикалық заттар,Аэробты тыныс алу.,0,0.0,0
«Шұғаның белгісі» повесінің авторы кім?,"Бейімбет Майлин, ",Мұхтар Әуезов.,0,0.0,0
Құдатғу біліг дастанының авторын табыңыз.,Жүсіп Баласағұни,Жауап: Жүсіп Баласағұн,0,0.4,0
М. Жұмабаевтың «Батыр Баян» поэмасында қандай оқиға суреттеледі?,"Елдің мүддесі Баян үшін қымбат, халқының тағдыры жау табанына басылмауы жолында жан аямай күрескен Баян батыр ерліктің, отаншылдықтың үлгісі",Батырлық пен махаббат.,0,0.0,0
А.Жұбанов Құрманғазы атындағы Қазақ мемлекттік оркестрін қашан құрды?,1934,1934 жыл.,0,0.6667,1
Ішкі секреция бездерінің бөлетіні,Гормондарды,Гормондар.,0,0.0,1
Арыстан баб кесенесі неше бөлмелі?,екі бөлмеден,Төрт бөлмелі.,0,0.0,0
Қай туынды VІ - VІІ ғасырға жатады?,"«Күлтегiн», «Тоныкөк»","""Күлтегін""",0,0.0,0
Бұлшықеттің сүйекке не арқылы бекінеді?,Сіңірлер,Сіңір арқылы.,0,0.0,0
Антропогенездің негізгі қозғаушы күші не болып табылады?,еңбек,Еңбек.,1,1.0,1
О. Бөкейдің «Тортай мінер ақ боз ат» әңгімесінің негізгі кейіпкерлері кім?,Тортайдың,"Тортай, Сәрсен.",0,0.0,0
Электротехникалық машина жасау орталықтары.,Талдықорған|||Ақтөбе,Электромашина жасау.,0,0.0,0
Астананың салтанатты жағдайда тұсаукесері өтті:,1998 жылғы 10 маусымда,Нұр-Сұлтан.,0,0.0,0
Табиғатта түрдің тіршілік ету ареалын анықтау критериі.,Экологиялық критерий,Экологиялық факторлар.,0,0.5,0
Әйел теңдігі мәселесін көтерген айтысты табыңыз.,Біржан мен Сара,"""Сараң"" айтысы.",0,0.0,0
"Сіңір созылғанда,сүйек тайғанда қандай алғашқы көмек көрсетіледі?",шендеуіш салып таңады,Салқын компресс.,0,0.0,0
Авторы Е. Бекмаханов болған “Қазақ КСР тарихы” қашан жарық көрді?,1943 жылы,1957 жыл.,0,0.0,0
"«Балқадиша», «Маңмаңгер», «Құлагер» әндерінің авторы кім?",Ақан сері Қорамсаұлы,Ақан сері.,0,0.8,1
Жыртқыштар отрядына жататындар:,Қызыл қасқыр|||Тянь-шань қоңыр аюы|||Барыс|||Қабылан,Мысықтар.,0,0.0,0
«Әскери коммунизм» кезеңіндегі ауыл шаруашылық өнімдерін дайындау жүйесі қандай болды?,Азық-түлік салғырты,Мемлекеттік тәртіп.,0,0.0,0
М. Жұмабаевтың алғашқы жинағы қалай аталады?,Шолпан,«Шолпан»,1,1.0,1
Гидрада қорытылмаған қорек қалдығы не арқылы шығарылады?,ауыз,Жауап: Тері арқылы.,0,0.0,0
Жамиғ ат-тауарих еңбегінің авторы кім?,Қадырғали,Жамиғ ат-тауарихтың авторы - Рашид ад-Дин.,0,0.0,0
Қай қалалар Х-ХII ғасырларда Қазақстан аумағында көлемі жағынан ірі қалалар болып саналды?,Исфиджаб,"Тараз, Испиджаб, Отырар.",0,0.0,0
Қазақстандағы кеме жүруге ең қолайлы өзен атауы?,Ертіс,Есіл,0,0.0,0
Жеміс қайда дамиды?,аналықтан,Дерек.,0,0.0,0
«Ми рефлекстері» деген ғылыми еңбекті кім жазған?,Иван Михайлович Сеченовты,И.П. Павлов,0,0.0,0
«Махаббат қызық мол жылдар» романының авторы кім?,Әзілхан Нұршайықов,Ғабит Мүсірепов,0,0.0,0
Ост - Индия компаниясы қашан құрылды?,1600,1600 жылы.,0,0.6667,1
Фотосинтездің жүруіне байланысты атмосферада жинақталатын қандай газ?,оттек,Оттегі.,0,0.0,0
1991 ж. 16 желтоқсанда қандай оқиға болды?,"“Қазақстан Республикасының Мемлекеттік тәуелсіздігі туралы” Қазақстан Республикасының Конституциялық Заңын"" қабылдады",Тәуелсіздік жарияланды.,0,0.0,0
Темір дәуірінің бөліну кезеңі,ерте темір дәуірі|||орта ғасырлар дәуірі,"Темір дәуірі - ерте темір, кеш темір.",0,0.6667,0
Баба сұлтанға қарсы жорықта Шығай хан қай жылы қайтыс болған?,1582,1582 жылы.,0,0.6667,1
"«Балқадиша», «Маңмаңгер», «Құлагер» әндерінің авторы кім?",Ақан серінің,Ақан сері.,0,0.5,1
ХVІІ ғасырда өмір сүрген жырау кім?,Марғасқа,Жырау: Жиембет.,0,0.0,0
"’’Жеті жарғы’’ заңы бойынша еркектер өлтірілсе, ол үшін қанша мөлшері «құн» төленетін?",1000 қой,1000 қой.,1,1.0,1
Қосмекенді деп аталу себебі неде?,суда жүзеді|||топырақта мекендейді,Су мен құрлықта өмір сүруі.,0,0.0,0
Цитозинге комплементарлы нуклеотид:,тимин|||аденин|||гуанин|||цитозин,Гуанин.,1,1.0,1
Кир әскеріне қарсы сақтарды басқарған патша әйел кім?,Томирис,Томирис.,1,1.0,1
Қаңлы елінің астанасы қалай аталды?,Битянь,Қаңлы.,0,0.0,0
Бактериофаг дегеніміз не?,Бактерия жасушасына еніп көбейетін вирус,Вирустар.,0,0.0,0
Андронов мәдениетінің 30-дан аса тұрағы мен 150-ден астам қорымының табылған аймағы.,Орталық Қазақстан,Қазақстан.,0,0.6667,1
Е.Пугачев бастаған шаруалар көтерілісі қай жылдары болды?,1773-75 жылы,1773-1775 жылдары.,0,0.0,0
Аңыз әңгіменің өзіне тән ерекшелігі қандай?,"кейіпкер аттарының, елді мекен, жер атауларының, мезгіл мөлшерінің деректілігі басым",Мифтік элементтер.,0,0.0,0
Халықтың өсу заңдылықтары туралы қандай ғылым зерттейді?,Демографиядағы,Демография.,0,0.0,1
Мариан шұңғымасы (ойысы) қайда орналасқан?,Тынық мұхитында,Тынық мұхитында.,1,1.0,1
Ш. Уәлихановтың қай жылы қайтыс болған?,1865 жылдың,1865 жыл.,0,0.5,1
Ата - ана белгілер жиынтығының ұрпақтан - ұрпаққа берілу қасиеті қандай?,Тұқымқуалаушылық,Генетика.,0,0.0,0
Жүректің бұлшықетті қабаты қандай?,Миокард,Миокард.,1,1.0,1
Қазақстанның көне қалалары қандай?,Сауран|||Испиджаб|||Тараз|||Құлан|||Меркі|||Ақтөбе|||Қаялық|||Талғар|||Жанкент|||Жент|||Сидақ|||Ясы|||Алтын төбе|||Мардан|||Тамды|||Түймекент|||Бектөбе|||Кедер|||Жамұқат|||Бозоқ,"Тараз, Отырар, Сайрам.",0,0.5,1
Су астында маржандардан пайда болған шеңберлі арал қалай аталады?,атолл,Атолл.,1,1.0,1
"Қазақтын батыр қызы, пулеметші:",Мәншүк,Әлия Молдағұлова.,0,0.0,0
Басында қармалауыштары бар былқылдақденелілер:,басаяқтылар,Моллюскілер.,0,0.0,0
Ақ Орданын шаңырағын қай хан көтерді?,Орда Ежен,Жауап: Жәнібек хан.,0,0.0,0
Сүтқоректілердің қысқы тыныштық күйге көшкен жасушаларының құрамында,қоректік заттар,Мелатонин.,0,0.0,0
С. Мұратбековтің «Жусан иісі» шығармасындағы жетім баланың аты кім?,Аянның,Жауап: Сәкен,0,0.0,0
1991 ж. 21 желтоқсанда Алматыда 11 мемлекеттің басшылары Тәуелсіз Мемлекеттер Достастығын құру туралы қандай құжатқа қол қойды?,хаттамасына,Жауап: Алматы декларациясы.,0,0.0,0
Ш.Уәлихановтың білім алған орны қайда?,Омбы қаласында казак әскери училищесі,Сібір кадет корпусы.,0,0.0,0
Метафораға қандай мысал келтіруге болады?,"“Ақын – жел, есер, гулер жүйрік желдей, Ақын – от, лаулап жанар аспанға өрлей",Жүрек - теңіз.,0,0.0,0
Генерал-майор И.В Панфилов басқарған 316 атқыштар дивизиясы ерлікпен қай жер үшін шайқасты?,Мәскеу,Москваның түбінде.,0,0.0,0
1870 жылы Маңғыстаудағы Бозашы түбегінде көтерілісшілерді басҚарғандар:,Досан Тәжиев|||Иса Тіленбаев|||Алғи Жалмамбетовтың,Ресей империясы.,0,0.0,0
Қазақстанның орманды дала зонасы қайда орналасқан?,Батыс Сібір,Солтүстік Қазақстан.,0,0.0,0
Шартты түрде экваторға параллель қандай сызықтар жүргізілген?,Жер параллелі,Параллельдер.,0,0.0,0
Мұхиттық аралдардың табиғаты мен халқын зерттеген саяхатшы:,Н.Н.Миклухо-Маклай,Джеймс Кук.,0,0.0,0
"Маса боп ызыңдап, халқын оятуды мақсат еткен ақын кім?",Ахмет Байтұрсынұлының ,Абай Құнанбаев.,0,0.0,0
"1843-1916 жылдары өмір сүрген қазақтың атақты күйшісі, қобызшысы:",Ықылас Дүкенұлы,Құрманғазы.,0,0.0,0
Қымызбен емдейтін курорт қалай аталады?,«Бурабай»,Қымызхана.,0,0.0,0
Физикалық жұмыс кезінде жылудың теріден сыртқа шығарылу себебі неде?,тер арқылы булануы,Терінің қызуы.,0,0.0,0
Жоңғар қалмақтарының атақты ханы Қалдан - Серен қазақтың қай ханының тұсында ғұмыр кешкен?,Абылай ,Жәңгір хан.,0,0.0,0
Қарақаттың көбейетін өсімді мүшесі:,Қалемше,Тұқым.,0,0.0,0
Жоқтау - қандай жыр?,лирикалық,Жоқтау - қайғылы жыр.,0,0.0,0
Обь өзенінің ірі сол жақ саласы қандай жер?,Ертіс,Томь.,0,0.0,0
Табиғи биогеоценоздарға жататындар -,тоған|||орман,"Орман, шалғын, шөл.",0,0.5,1
1603 жылы бірінші қазақ-бұхар шайқасы қай жерде болған?,Айғыржар,Түркістан.,0,0.0,0
"«Өзбек ұлысы», «Өзбек хандығы», «Шайбани ұлысы» сияқты атаулар  қандай хандыққа тән?",Әбілқайыр хандығының,Өзбек хандықтары.,0,0.0,0
"1710 жылы қазақ жүздерінің белгілі өкілдері бас қосып, жоңғарларға соққы беру мәселесін қай жерді талқылаған?",Қарақұм,Ордабасы.,0,0.0,0
Ақан сері өміріне жазылған Ілияс Жансүгіров поэмасы қандай?,«Құлагер»,"""Құлагер""",1,1.0,1
Есім ханның билік қай жылдарда құрған?,1598-1628,Есім хан 1598-1628 жылдарда билік құрған.,0,0.2857,1
Ағзаның реакцияға қайтаратын жауабы қандай?,Рефлекс,Реакция.,0,0.0,0
Ағзадағы мүше дегеніміз не?,"белгілі пішіні, құрылысы, орны бар бір немесе бірнеше қызмет атқаратын дене бөлігі",Ағзадағы мүше — орган.,0,0.0,0
1912 жылғы ақпанда болған Қытай республикасының президенті кім болған?,Юань Шикайға,Сунь Ятсен,0,0.0,0
"Қаңлы мемлекетінің пайда болған уақыты, шекарасы туралы айтылатын маңызды тарихи дерек.",Чжан-Цянь|||Цань-Хань-Шу,Қаңлы мемлекеті - б.з.д. III ғасыр.,0,0.0,0
XVIII ғасырда ағылшын дәрігері Э. Дженнер медицина саласында қандай жаңалық ашты?,шешекке қарсы егуді,Вакцинация.,0,0.0,0
Мұхаммедқанафия кімнің шын аты екен?,Мүхамедқанапия,Мұхаммедқанафия - Мұхаммед пайғамбар.,0,0.0,0
Б.з.д. VІ ғ. сақ тайпалары кімдермен соғысты?,Парсылар,Парсылармен.,0,0.0,1
Н. Некрасовтың «Аяз ата» өлеңіне ұқсас Абайдың өлеңі қайсы?,«Қыс»,«Желсіз түнде жарық ай»,0,0.0,0
Жердің кішірейтілген моделі:,Глобус,Глобус.,1,1.0,1
Қандай органикалық заттар сүйектің құрамында болады?,оссеин,Коллаген.,0,0.0,0
Судың Мұхиттан атмосфера арқылы құрлыққа және құрлықтан Мұхитқа үздіксіз ауысу процесі қалай аталады?,су айналымы,Су айналымы.,1,1.0,1
Оттегін тасымалдаушы қанның құрам бөлігі не?,Гемоглобин,Гемоглобин.,1,1.0,1
Ахмет Иүгінекидің еңбегінің атын қандай?,«Ақиқат сыйы» ,"""Хибат-ул-хақаиқ""",0,0.0,0
1991 жылы желтоқсанның 13-күні Орта Азия республикалары мен Қазақстанның басшылары қай қалада бас қосқан?,Ашхабадта,Ташкент.,0,0.0,0
Тұңғыш ұлттық қазақ театры қашан ашылды?,1925,1926 жылы.,0,0.0,0
Шернияз Жарылғасұлы қай ғасырда өмір сүрді?,1817-1881,19 ғасыр.,0,0.0,0
Доспамбет жырау қай ғасырда өмір сүрген?,15-18 ғасырлардағы,16 ғасыр.,0,0.0,0
"Шоқанның ел ішіндегі аңыз - әңгімелерден, халық жырлары мен дастандарынан алғашқы жазып алған қай шығармасы?",Көрпеш — Баян сұлу|||“Қамбар батыр”,"""Манас""",0,0.0,0
XI ғасырларда сәулет өнерінде – терракота:,күйдірілген балшықтан,Саз балшық.,0,0.0,0
Көккесене қайда орналасқан?,"Cырдария өзенінің жағасына|||Қызылорда облысы Төменарық темір жол торабынан солтүстікке қарай – 5, Сығанақтан оңтүстікке қарай – 8 км",Түркістанда.,0,0.0,0
Алтын Орданы қай хан билеген тұста ісләм діні үстемдік алды?,Өзбек хан,Жауап: Өзбек хан.,0,0.8,1
Мұхиттық аралдардың көпшілік бөлігі:,маржанды|||Вулкандық,Тропиктік белдеуде.,0,0.0,0
1967-68 ж.ж. Реформа бойынша Батыс-Сібір генерал-губернаторлығына кірген облыстар.,Омбы|||Ақмола|||Семей,"Томск, Омск, Новосібір.",0,0.0,0
Ұсақ масштаб қандай болады?,1:1 000 000-нан кіші,Кіші.,0,0.4,1
"О.Сүлейменовтың тауар айналымынан, кітапханалардан қандай кітап алынып тасталған?",АЗ и Я,«Адам және табиғат»,0,0.0,0
Есік қорғанынан қандай «адам» табылды?,Алтын адамның,Адам мумиясы.,0,0.0,0
Жаңаөзен қаласында халық бұқарасының ірі бас көтеруі қашан болды?,1989 жылы маусым айында,2011 жыл.,0,0.0,0
Өрмекшінің аузы неге бейімделген?,сорып алады,Ауызын жыртқыштыққа.,0,0.0,0
ХХ ғасырдың басында жарыққа шыққан Ш.Құдайбердіұлының шығармасы,"Түрік, қырғыз, қазақ һәм хандар шежіресі|||Мұсылмандық шарты",«Абай»,0,0.0,0
Өсімдіктерге түс беретін қандай органоид?,Пластидтер,Хлоропласт.,0,0.0,0
1916 жылғы көтерілістің Жетісудағы ошағының кім басшысы болды?,Т. Бокин,Әлихан Бөкейханов.,0,0.0,0
Потсдам конференциясының шешімі бойынша Кеңес еліне берілген жер:,Кенигсберг,Кенисберг.,0,0.0,0
"«Ғылым таппай мақтанба», «Интернатта оқып жүр» өлеңдерінің тақырыбы қандай?",ағартушы-демократиялық,Білімнің маңызы.,0,0.0,0
«Сібір қазақтарының Ереже» бойынша болысқа кіретін ауыл саны:,10-12,Бес ауыл.,0,0.0,0
Халықтың өсу заңдылықтары туралы қандай ғылым зерттейді?,демография,Демография.,1,1.0,1
Ахмет Игунекидің кітабы:,Ақиқат сыйының,"""Диуани хикмет""",0,0.0,0
Эритроциттердің бұзылуы қай жерде өтеді?,көкбауыр,Бауырда.,0,0.0,0
Абайдың А. С. Пушкиннен қай шығарманы аударған?,«Евгений Онегин» ,«Евгений Онегин»,1,1.0,1
Жоңғарларға қарсы күресте қол бастаған қазақ батыры кім?,Бөгенбай,Бөгенбай батыр.,0,0.6667,1
Аминқышқылдарынан заттары неден тұрады?,Ақуыздардың,"Карбон, сутек, оттек, азот.",0,0.0,0
1991 ж. қыркүйекте Қазақстан компартиясын тарату нәтижесінде қандай партия құрылды?,Социалистік,Қазақстанның халық конгресі.,0,0.0,0
Ж. Жабаевтың өлеңдерін көрсетіңіз., «Ленинградтық өрендерім»,"""Желсіз түнде жарық ай""",0,0.0,0
І. Есенберлиннің тарихи тақырыпқа жазылған трилогиясын көрсетіңіз.,«Көшпенділер»,«Алтын Орда»,0,0.0,0
Жүрегі төрт бөлікті жорғалаушы:,Қолтырауынның,Жорға.,0,0.0,0
Қай жырау ХVІІ ғасырда өмір сүрді?,Жиембет,Доспамбет жырау.,0,0.0,0
Керей мен Жәнібек қай мемлекет жерінде Қазақ хандығын құрған?, Моғолстан,Жетісу.,0,0.0,0
Шортанбай Қанайұлы қай жылдары өмір сүрді?,1818- 1881,1804-1861,0,0.0,0
"Антиядролық, экологиялық қозғалыс",Невада-Семей,Экоқозғалыс.,0,0.0,0
"1930-32 жылдары аштықтан,түрлі індеттерден қырылған халықтың мөлшері:","3 млн. 379,5 мың",3-4 миллион.,0,0.0,0
Елді мекендердің қандай негізгі түрлері бар?,ауыл|||қала,"Ауыл, қала, кент.",0,0.5,1
"""Шағырмақ бұлт жай тастар"" қай жыраудың шығармасы?",Шалкиіз,Жамбыл Жабаев.,0,0.0,0
Баянның бауырының есімі кім?,Ноян ,Бауыржан.,0,0.0,0
Қалмақтарға қарсы «Аңырақай шайқасы» қай жылы болған?,1729|||1730,1729 жылы.,0,0.6667,1
1906-1907 жылдарда патша үкіметі қазақтардан тартып алған жер көлемі қанша?,17 млн десятина,"1,5 миллион десятина.",0,0.3333,0
“Дон Кихот” романының авторы,Сервантестің,Мигель де Сервантес,0,0.0,0
«Бай баласы мен жарлы баласы» әңгімесінің авторы кім?,Ыбырай,Мұхтар Әуезов,0,0.0,0
Үйсін мемлекеті басшысының лауазымы жазба деректерде қалай деп аталған?,гуньмо,Қаған.,0,0.0,0
Қоқандықтардың әскери әлсіздігін көрсеткен Ұзынағаш түбіндегі шайқас қашан болды?,1860,1850 жыл.,0,0.0,0
Гидра су астындағы заттарға қалай бекінеді?,табаны,Тірек жасушаларымен.,0,0.0,0
Мәдени өсімдіктермен арамшөптер арасындағы қатынас:,түраралық,Бәсекелестік.,0,0.0,0
Соғыстан кейінгі жылдары көшпелілердің қола дәуіріндегі тарихы мен мәдениетін зерттеген кім?,Ә.Марғұлан|||К.Ақышев|||А.Оразбаев|||С.С. Черников|||А.Г. Максимова,Ә.Х. Марғұлан,0,0.0,0
КСРО Жоғары Кеңесіне республикадан 44 депутат сайланды. Олардың ішінде таңдаулы адам қатарында болған шахтер:,Т. Күзембаев,Шахтер Т.Рысқұлов.,0,0.0,0
Ы. Алтынсариннің әңгімесі қалай аталады?,"""Бақша ағаштары""","""Кел, балалар, оқылық!""",0,0.0,0
Түрксіб темір жолының оңтүстік және солтүстік учаскелерін уақытша пайдалануға беру үшін 1930 жылы түйістірген қай станция?,Айнабұлақ,Жауап: Алматы станциясы.,0,0.0,0
Өрмекшінің қанының түсі қандай?,түссіз,Көк.,0,0.0,0
XVI ғасырдағы тарихшы Мухаммед Хайдар Дулатидің шығармасы қандай?,Тарих-и Рашиди,"""Тарих-и Рашиди""",1,1.0,1
Екібастұз көмірі негізінен қай бағытта қолданылады?,ЖЭС-терін,Электр энергиясы.,0,0.0,0
Әбу Насыр әл - Фарабидің кім екенін анықтаңыз.,"түркі ойшылдарының ең атақтысы, ең мәшһүрі, “Әлемнің 2-ұстазы” атанған ғұлама.",Философ.,0,0.0,0
Абайдың әкесінің аты қандай?,Құнанбай,Құнанбай.,1,1.0,1
Генерал-майор И.В.Панфилов қай дивизияны басқарған?,316-атқыштар дивизиясы,316-шы дивизия.,0,0.0,0
Көз алмасының қасаң қабықшасы қандай қызметін атқарады?,жарық сәулесін өткізеді,Қорғаныс.,0,0.0,0
Кез келген объектілердің географиялық орнын қалай анықтауға болады?,Картография,Координаталар.,0,0.0,0
Мейоздық кезеңде хромосомалар жиынтығы қандай өзгерістерге ұшырайды?,екі есе азаяды,Гаплоидты жиынтық.,0,0.0,0
Сабақтың жуандап өсуі неге байланысты?,камбий,Тыңдаушылардың қызығушылығына.,0,0.0,0
Әрбір аминқышқыл кодына қажет нуклеотид саны:,3,Үш.,0,0.0,0
С.Датұлы көтерілісінің негізгі қозғаушы күші,шаруалар табы,Халық.,0,0.0,0
Жер шарындағы құрлықтың көлемі қанша млн. шаршы км?,"149,1 млн. км²",149 млн. шаршы км.,0,0.2857,0
Алматыда қазақ жастарының өкімет озбырлығына қарсы қозғалысы болған жыл:,1986,1986 жыл.,0,0.6667,1
Полисахаридтерге не жатады?,крахмал,"Крахмал, целлюлоза, гликоген.",0,0.5,1
Ежелгі Афина қаласындағы биік төбеге орналасқан «жоғарғы қала».,Афинаны,Акрополь.,0,0.0,0
XV ғасырдың ІІ жартысында салынып жартылай сақталған ескерткіш қайда?,Рәбия Сұлтан бегім Кесенесі,Тараз.,0,0.0,0
Қай елдің астанасы Веллингтон?,Жаңа Зеландиядағы,Жаңа Зеландия.,0,0.5,1
Баба сұлтанға қарсы жорықта Шығай хан қай жылы қайтыс болған?,1582,1582 жылы.,0,0.6667,1
"Қарағай, шырша, майқарағай қандай табиғат зонасында өседі?",Тайга,Орман зонасы.,0,0.0,0
Қызылордада корей театры қай жылы ашылды?,1937,2018,0,0.0,0
Қожа Ахмет Иассауи кесенесі қай қалада орналасқан?,Түркістан,Түркістан.,1,1.0,1
Ресейде Наполеон армиясына қарсы Отан соғысы қай жылы болды?,1812 ж.,1812 жыл.,0,0.5,1
ХІV-ХV ғ.ғ. Қазақстан аумағындағы ең елеулі сәулет ғимараты қандай?,Қожа Ахмет Ясауи ханақасы,Бабаджа-қатын мазары.,0,0.0,0
1933 жылы наурызда Сталинге кім ашық хат жазды?,Тұрар Рысқұлов,Киров.,0,0.0,0
Ахмет Яссауи кесенесі кімнің бұйрығымен салынды?,Әмір Темір,Түркістан ханы Қадырбек.,0,0.0,0
Ауаның жер бетіне және ондағы барлық заттарға түсіретін күші қалай аталады?,Атмосфералық қысым,Жауап: Гравитация.,0,0.0,0
Күштеп ұжымдастыруға қарсы болған Қарақұм көтерілісіне қатысушылар саны шамамен қанша болды?,"екі мыңға, кейде тіпті үш мыңға жеткен",10 мың.,0,0.0,0
1986 жылы КСРО-ны кім басқарды?,Горбачевті,Михаил Горбачев.,0,0.0,0
Американың жергілікті байырғы тұрғындары кімдер?,Үндістер,Индиандықтар.,0,0.0,0
Қай көлдің жағасында мыс балқыту комбинаты салынған?,Балқаш,Балқаш.,1,1.0,1
Қазақ АКСР-нің Орталық Атқару Комитеті «қазақ»деген нақты атауды қай жылы қабылдады?,1925 жылы,1925 жылы.,1,1.0,1
Атмосфералық қысымның өлшем бірлігі не?,паскальмен,Паскаль.,0,0.0,1
1942 жылдың жазына дейін Жапония қандай елдерді жаулап алды?,Филиппинді|||Тайландты|||Үндіқытайды|||Бирманы|||Малайзия|||Индонезияны,"Қытай, Корея, Филиппин, Индонезия.",0,0.0,0
Шығыстың Аристотелі атанған адам кім?,Әбунасыр әл-Фараби,Әл-Фараби.,0,0.6667,1
Ағаштың қабығының қабаттары:,Тоздық,"Флоэма, ксилема.",0,0.0,0
"XVII ғасырда, қайғы қасірет заманында қандай ән дүниеге келген?",Елім-ай,"""Елім-ай""",1,1.0,1
Ағзадағы негізгі энергия қорын қайдан алады?,көмірсулар,Көмірсулар.,1,1.0,1
Қай өлең С. Мұқановтың поэзиядағы жаңалығы деп танылған?,«Майға сәлем»,"""Сырдария""",0,0.0,0
Кабель зауыты қайда орналасқан?,Семей,Астана.,0,0.0,0
Қандай құрт ценуроз ауруын тудырады?,миға түскен құрт,Ценурозды тудырады - ценур.,0,0.0,0
Еуразияның солтүстік орман зонасына қандай өсімдік түрлері кіреді?,жалпақ жапырақты,"Шырша, қарағай, балқарағай.",0,0.0,0
1227-1255 жылдары Алтын Орданы кім билеген?,Бату,Батый.,0,0.0,0
Жыл бойы республика аумағынан өтетін қандай ауа массалары?,арктикалық|||қоңыржай|||тропиктік,Суық және жылы ауа массалары.,0,0.0,0
І. Жансүгіровтің қай шығармасында Ақан сері туралы айтылады?,“Құлагер”,"""Құлагер""",0,0.0,1
1848 жылы Қарқара уезінде көпес Ботовтың есімімен аталған ірі жәрмеңке қай жерде ашылған?,Қоянды,Жетісу.,0,0.0,0
1855 жылы шілдеде Есет батырдың тобы талқандаған күш,Арслан Жантөриннің,Кіші жүздің орыс әскері.,0,0.0,0
Мұсылман діні көп таралған аймақтар.,Таяу Шығыс|||Солтүстік Африка|||Оңтүстік-Оңтүстік-Шығыс Азия|||Орта Азия Аумағында,"Таяу Шығыс, Солтүстік Африка, Оңтүстік Азия.",0,0.5,1
Гүлдің жеміс түзуге қатысатын негізгі бөлігі:,Аталықтар мен аналық,Аналық.,0,0.5,1
Жасушада ең көп нәрсе ол?,оттек,Су.,0,0.0,0
Қоңыр балдыр ол не?,органикалық зат түзуші,Жауап: Балдыркөк.,0,0.0,0
Түрік тілдес тайпалардың бір-біріне жақындығын зерттеген белгілі ғұлама кім болған?,Махмуд Қашғари,Абай Құнанбаев.,0,0.0,0
Қызылордада ұлттық қазақ театры қашан ашылды?,1926,1970 жылы.,0,0.0,0
Қазақстан Республикасының ең жоғары Заң шығару органы,Парламент,Парламент,1,1.0,1
Аласапыран романының авторы кім?,М.Мағауин,Әбіш Кекілбаев.,0,0.0,0
Асуан су қоймасы (плотина) қай мемлекетте салынған?,Египет,Египет.,1,1.0,1
Ж. Аймауытовтың «Қартқожа» романы қай жылы шықты?,1926 жылы,1926 жыл.,0,0.5,1
Қышыма ауруын туғызатын кене.,Акариформдық,Сарғыш кене.,0,0.0,0
Дулат Бабатайұлының қандай шығармалары бар?,Аягөз,"«Ақтамақ», «Зар заман».",0,0.0,0
Қазақстанның түсті металлургия орталықтары қандай?,"Жезқазған, Балқаш","Қарағанды, Жезқазған, Өскемен.",0,0.4,0
Қазақстанның шөлейт зонасының өсімдіктері.,жыңғыл,"Сағызды, жусан.",0,0.0,0
Патша үкіметінің сайлау заңына сәйкес ’’түземдік’’ халық арасында екінші мемлекеттік Думаға Ақмола облысынан кім сайланды?,Ш.Қосшығұлов,Сейітқали Меңдешев.,0,0.0,0
Жыныс жасушасы қалай аталады?,гаметалардың,Гаметалар.,0,0.0,1
Ежелгі Римдегі ”Энеида” дастанының авторы:,Вергилий,Вергилий.,1,1.0,1
Биосфераның озон қабаты -,ультракүлгін сәулелерін сіңіріп,Озон қабаты.,0,0.0,0
Горхан қай тайпаның басшысы?,Қарақытай,Горхан - түрік тайпасының басшысы.,0,0.0,0
1986 жылы сәуірде қай қайғылы оқиға болған?,Чернобыль апаты,Чернобыль апаты.,1,1.0,1
О. Бөкейдің «Тортай мінер ақ боз ат» әңгімесінің негізгі кейіпкері кім?,Тортай,Тортай.,1,1.0,1
Кенді Алтайдың қандай қазбалар пайдалы?,Кенді Алтай,"Мыс, қорғасын, мырыш.",0,0.0,0
Тұқымның өнуiне қажеттi қандай жағдайлар керек?,су,"Су, температура, оттегі.",0,0.5,1
Ең бірінші қолданылған металл,мысты,Мыс,0,0.0,1
Ғұндардың ру көсемдері кім болды?,ақсақалдарының,Батырлар.,0,0.0,0
«Евгений Онегин» романының авторы кім?,А. С. Пушкин,Александр Пушкин.,0,0.4,0
Адамтектес маймылдарда қанша хромосома бар?,48,46 хромосома.,0,0.0,0
Кенесары және оның Қоқанға қарсы күресін қолдаған Ұлы жүз батырлары,Сұраншы|||Байсейіт|||Тайшыбек,"Батырлар: Наурызбай, Сұраншы.",0,0.5,1
Шыңғысханнан тарайтын қандай  ұрпақ?,Ақсүйек|||хан|||сұлтандар,Жауап: Жошы.,0,0.0,0
"Қандай металл жоғарғы коррозияға төзімді, мықты болып келеді?",Титан жеңіл,Титан.,0,0.6667,1
Бейімбет Майлиннің қандай  шығармалары бар?,Шұғаның белгісі,"«Шұғаның белгісі», «Қараш-Қараш оқиғасы», «Майдан».",0,0.5714,1
Қызыл Армияның Берлинді алу үшін шайқасының қай уақытта жүргізген?,16 сәуір — 2 мамыр,1945 жылы.,0,0.0,0
Жамбыл бастаған халық поэзиясының көрнекті өкілдерін атаңыз.," Иса Байзақов, Шашубай Қошқарбаев, Нұрлыбек Баймуратов, Көшен Елеуов, Нартай Бекежанов","Сүйінбай, Шашубай.",0,0.1667,0
Абай Құнанбайұлының Крыловтың қандай мысалын аударған?,«Шегіртке мен кұмырсқа»,Қарға мен түлкі.,0,0.3333,0
Махамбеттің жас кезінде Орынбор қаласында кімнің қасында болған?,Зұлқарнайдың,Исатайдың.,0,0.0,0
Жер жырту факторы қандай?,Антропогендік,Топырақ.,0,0.0,0
Адамдардың жаңа жерге қоныстанудың нәтижесінде не дамыды?,Мал шаруашылығының,Мәдениет.,0,0.0,0
Моғолстанда дулат әмірлерінің қолдауымен Есен – бұғаның хан тағында қашан отырған?,1429 жылы,1446 жылы.,0,0.5,0
"Қазақстан Республикасының қорғаныс министрі болған, Кеңес Одағының батыры кім?",Сағадат Қожахметұлы Нұрмағанбетов,Сағадат Нұрмағамбетов.,0,0.4,0
Қарахан әулетінің негізін салушы.,Сатұқ Боғрахан,Сатұқ Боғра хан.,0,0.4,0
Ж. Баласағұнның «Құтты біліг» дастанында мемлекетті дұрыс басқару үшін ең алдымен не керек деген?,әділдіктің,Білім.,0,0.0,0
Ежелгі гректердің «Одиссея» поэмасының авторы кім?,Гомер,Гомер.,1,1.0,1
15 жастан 50 жасқа дейінгі жалпыға бірдей міндетті сауат ашу қай жылы енгізді?,1931,1999 жыл.,0,0.0,0
1899 жылы Африкада бурлар қай елмен соғысты?,ағылшындардың,Британиямен.,0,0.0,0
Бидайдың гүлшоғыры:,күрделі масақ,Сабақ.,0,0.0,0
Шортанбай Қанайұлының шығармаларында кімдер қатты сынға түскен?,"отаршыл патша өкіметінің озбыр саясаты және оны жүргізіп жатқан жергілікті әкімдер. Генерал, майор, князь, тілмәш, дуанбасы, оның соты, әскері, түрмесі, т.б.","Абай, Жетісу ақындары.",0,0.0,0
Аласапыран романының авторы кім?,Мағауия,Әбіш Кекілбаев.,0,0.0,0
Митоздық бөліну кезінде жасуша нешеге бөлінеді?,екі рет,Екіге.,0,0.0,0
Қазақстандағы мұнайдың бірінші ашылған кен орны қандай?,Доссор,Маңғыстау.,0,0.0,0
Кеңес Үкіметі «Қырғыз (Қазақ) Автономиясы Кеңестік Социалистік Республикасын құру туралы» декрет қашан қабылдаған?,1920,1920 жылы.,0,0.6667,1
Көне дәуір авторларының еңбектерінде «сармат» атауының кездесетін мерзімі қашан?,б.з.б. III ғасырдан бастап,Б.з.д. 5 ғасыр.,0,0.0,0
Ы. Алтынсариннің негізгі еңбектерінің бірі қандай?,Қазақ хрестоматиясын,"""Қазақ хрестоматиясы""",0,0.5,1
Кенесары Қасымұлы көтерілістің негізгі мақсаттарының бірі,патша өкіметінің Қазақстанды отарлауына қарсы,Тәуелсіздік.,0,0.0,0
Ежелгі түркі жеріндегі әйел тәңірі кім болғанын жазыңыз.,құдайы Ұмайға ,Ұмай.,0,0.0,1
Грек тілінен аударғанда «география» сөзінің мағынасы қандай?,«Жер»|||«сипаттап жазу»,Жерді сипаттау.,0,0.0,1
Абайдың анасының аты кім?,Ұлжан,Ұлжан,1,1.0,1
Әлия Молдағұлованың майдандағы әскери қызметі қандай болған?,мерген,Снайпер.,0,0.0,0
"ХІХ ғ. екінші жартысында әрі сазгер, әрі ақын болған кім еді?",Балуан Шолақ,Ақан сері.,0,0.0,0
"Жүсіп Баласағұнидің тарихи және әдеби шығармасы, поэмасы қандай?",Құтты білік,"""Құтты білік""",1,1.0,1
«Қан мен тер» триологиясының авторы кім?,Нұрпейісов,Ғабит Мүсірепов,0,0.0,0
Жасушаның бөлінуі кезінде ең негізгі қызмет атқаратын қандай органоид?,Ядро,Центриоль.,0,0.0,0
"""Күлтегін"", ""Тоныкөк"" дастандары қай ғасырдың туындысы?",716-735 жж,8-9 ғасыр.,0,0.0,0
Сталин қай жылы қайтыс болды?,1953,1953 жылы.,0,0.6667,1
Жер көлемі жөнінен дүние жүзіндегі ең үлкен ол қай мемлекет саналады?,Ресей,Ресей.,1,1.0,1
Абай Семейдегі қай оқу орнында білім алған?,Ахмет Риза медресесінде,Семейдегі медресе.,0,0.0,0
Қазақтардың Е.Пугачев бастаған шаруалар соғысына қатысуына не түрткі болған?,жер мәселесіндегі отаршыл саясатына,Жер мәселесі.,0,0.3333,1
Бауыр өзегі қандай бөлікке ашылады?,Ұлтабарға,Жауап: Он екі елі ішек.,0,0.0,0
Нуклеин қышқылына не жатады?,ДНҚ,"ДНҚ, РНҚ.",0,0.6667,1
XVI ғасырдағы тарихшы Мухаммед Хайдар Дулатидің шығармасы қандай?,Тарих-и-Рашиди,"""Тарих-и Рашиди""",0,0.0,0
1854 жылы Верный бекінісі салынған жердің ертедегі атауы қандай?,Алматы,Алматы.,1,1.0,1
1918 жылы РКСФР Халық Комиссарлары Кеңесінің қаулысымен «Суландыру жұмыстарына» қанша қаржы бөлінді?,50 млн. сом,1 миллион рубль.,0,0.0,0
Сыртқы ортамен тікелей байланыс жасайтын мүше:,сезім мүшелеріне,Тері.,0,0.0,0
1227 жылы Жошы өлген соң оның орнына отырған кім?,Батуды,Батый.,0,0.0,0
Бұқар толғауларының басты тақырыбы қандай?,елдің бірлігі ,"Ақындық, адамгершілік.",0,0.0,0
Биосфера энергияны қайдан алады?,Күн,Күннен.,0,0.0,1
Ж. Жабаевтың қандай өлеңдері бар?,«Терме»|||«Көрұғлы»||| «Ерназар мен Бекет»|||«Сүйінбай мен Қатағанның айтысқаны»,"""Желсіз түнде жарық ай"", ""Ата-анаға көз қуаныш"", ""Құлагер"".",0,0.0,0
